,RMSE (MW),MAE (MW),R²,MAPE (%)
lstm,333.9561267238779,181.6634025146215,0.9983899905718927,73.31542168020286
gru,292.61985918663004,193.90298215135394,0.9987638898218685,240.80515953550932
bilstm,330.6749031606797,185.45116173136333,0.9984214728407601,82.30236658068962
cnn_lstm,581.0267115510754,337.740807573824,0.9951264908498271,249.40175916249026
transformer,487.3588892766736,272.4344276344795,0.996571158799202,257.0588687879285
